Provinsi,Layanan Kebudayaan,Jasa Kesehatan Lainnya,Pendidikan Lainnya,Barang Rekreasi Lainnya dan Olahraga,Penyediaan Air dan Layanan Perumahan Lainnya,Barang Pecah Belah dan Peralatan Makan Minum,Jasa Lainnya,"Furnitur, Perlengkapan dan Karpet","Pemeliharaan, Perbaikan dan Keamanan",Sewa dan Kontrak Rumah,Pakaian,Alas Kaki,Rokok dan Tembakau,Minuman yang Tidak Beralkohol,Makanan,Listrik dan Bahan Bakar Rumah Tangga,Jasa Rawat Inap,Tekstil Rumah Tangga,Barang dan Layanan untuk Pemeliharaan Rumah Tangga Rutin,Obat-obatan dan Produk Kesehatan,Peralatan Rumah Tangga,Peralatan dan Perlengkapan Perumahan dan Kebun,Layanan Informasi dan Komunikasi,Peralatan Informasi dan Komunikasi,Jasa Pengiriman Barang,Jasa Angkutan Penumpang,Pembelian Kendaraan,Pengoperasian Peralatan Transportasi Pribadi,Jasa Rawat Jalan,Layanan Rekreasi dan Olahraga,Pendidikan Dasar dan Anak Usia Dini,"Koran, Buku dan Perlengkapan Sekolah",Jasa Keuangan,Pendidikan Menengah,Jasa Pelayanan Makanan dan Minuman,Pendidikan Tinggi,Perawatan Pribadi Lainnya,Perawatan Pribadi
Aceh,108.74,116.338333,103.3575,107.578333,127.02,110.126667,102.21,106.910833,101.133333,103.506667,106.159167,109.250833,126.3875,108.8225,114.418333,96.223333,100.09,102.740833,101.1925,111.116667,102.404167,101.020833,100.043333,94.241667,106.530833,102.06,109.120833,113.544167,103.964167,109.11,108.290833,109.06,100.0,97.538333,107.918333,101.056667,148.2525,104.989167
Sumatera Utara,125.020833,112.635,102.169167,102.711667,100.9875,103.800833,111.0325,103.236667,104.785,103.300833,107.550833,103.478333,121.4025,109.538333,114.931667,95.4925,103.628333,104.739167,100.791667,107.373333,104.9425,111.365,100.0425,101.166667,102.5,105.086667,106.273333,114.619167,106.353333,101.903333,103.235833,109.024167,100.163333,102.838333,106.7825,107.3075,160.435,108.240833
Sumatera Barat,122.881667,103.5875,103.23,103.020833,116.4375,107.795833,106.0,109.799167,102.995,105.430833,104.083333,102.95,121.430833,106.486667,114.248333,92.4225,105.380833,102.549167,102.175,104.085,103.106667,104.026667,100.131667,96.595833,111.435833,112.9675,112.770833,113.37,108.725,104.32,111.76,104.615,100.103333,106.323333,107.460833,106.113333,153.221667,106.6775
Riau,100.0,103.79,110.151667,99.266667,107.595,101.944167,102.69,106.470833,105.336667,103.453333,104.454167,106.205,122.498333,106.020833,111.094167,94.920833,105.685833,105.374167,101.56,104.886667,102.536667,109.4825,100.090833,99.673333,107.935,115.545833,110.349167,113.710833,106.14,101.79,108.875833,107.82,100.096667,101.745,112.7275,104.643333,156.846667,107.723333
Jambi,108.74,107.9,106.46,102.879167,109.281667,105.5475,125.45,106.6725,101.405833,103.674167,107.080833,101.586667,120.269167,122.270833,112.434167,94.92,100.27,107.261667,103.3425,100.641667,107.985,102.559167,100.1275,92.190833,101.62,114.2275,105.0975,113.495833,101.725,114.87,108.821667,106.364167,100.113333,101.02,107.515,101.643333,143.314167,108.9375
Sumatera Selatan,107.138333,111.430833,115.581667,106.9475,112.86,102.754167,105.22,104.2725,104.3825,101.225833,102.993333,101.924167,118.855,116.205,112.2475,97.3875,100.17,106.944167,98.704167,105.485833,102.741667,107.073333,100.169167,96.505,100.74,115.121667,103.614167,112.643333,101.9825,101.0625,105.6125,109.525,100.073333,104.94,106.860833,105.386667,158.9025,105.166667
Bengkulu,122.995,108.415,111.026667,104.225,101.26,104.248333,101.97,106.825,105.2575,102.520833,105.601667,105.563333,119.951667,112.0825,108.525,95.583333,106.243333,104.405833,101.971667,107.271667,101.043333,105.763333,100.186667,97.625,110.28,112.0925,109.621667,115.879167,106.5675,100.0,105.7775,104.773333,100.163333,75.1925,106.829167,103.625,136.298333,106.551667
Lampung,106.99,111.57,105.135,110.449167,111.92,110.5075,117.650833,106.123333,106.3525,105.789167,110.1925,112.1775,120.959167,131.5325,114.71,94.815833,101.344167,108.771667,100.94,103.645,105.570833,101.656667,100.145,92.535833,108.306667,103.214167,107.304167,112.4875,105.8275,101.29,108.951667,108.713333,100.013333,89.779167,104.2525,117.11,142.520833,103.6575
Kepulauan Bangka Belitung,108.74,116.345833,105.260833,100.165833,104.25,97.805833,112.709167,104.42,101.7,101.595,104.376667,104.125833,120.198333,114.2325,104.465833,95.569167,104.5,102.134167,99.885,104.519167,101.260833,107.701667,100.035,95.253333,105.01,120.0725,106.995,113.269167,114.491667,100.75,102.860833,110.784167,100.163333,74.4825,104.966667,110.496667,127.863333,104.700833
Kepulauan Riau,111.43,101.96,103.096667,100.615833,100.0,100.635,108.79,102.6125,103.5775,108.225833,107.168333,105.368333,128.789167,110.4525,110.5,104.389167,112.76,103.010833,101.555,104.031667,101.279167,104.7125,100.06,99.4175,123.79,116.150833,105.608333,113.845833,102.16,100.0375,104.53,103.393333,100.113333,89.6425,105.211667,112.313333,166.285833,107.091667
Dki Jakarta,105.078333,105.903333,115.915,99.741667,127.173333,105.781667,107.33,104.289167,102.436667,104.516667,99.221667,97.416667,116.394167,108.090833,112.12,95.466667,103.695,101.419167,107.198333,105.73,104.875833,105.910833,100.321667,97.465,104.9725,108.649167,100.9525,109.5325,105.890833,101.090833,107.1375,106.7575,100.07,108.265833,106.349167,101.183333,150.668333,108.415833
Jawa Barat,107.508333,104.2375,110.069167,105.104167,106.53,106.311667,112.885,103.6175,105.768333,104.058333,106.410833,103.408333,117.9325,113.230833,112.0175,96.0775,103.363333,103.650833,103.131667,108.2125,104.7125,99.74,100.26,95.75,104.6375,110.595833,104.1625,112.240833,107.039167,111.0325,106.2225,104.7275,100.066667,107.170833,108.488333,105.596667,158.048333,111.175833
Jawa Tengah,108.558333,107.131667,106.361667,101.8125,104.544167,106.684167,103.816667,105.288333,103.246667,102.7125,105.7375,103.846667,121.826667,115.8275,113.469167,96.551667,102.945833,103.87,103.534167,106.725833,102.368333,103.420833,100.233333,91.795833,103.700833,111.3,108.820833,112.013333,106.250833,105.534167,107.143333,105.645833,100.156667,104.061667,107.5075,104.521667,142.2025,109.123333
Di Yogyakarta,106.43,108.416667,104.0775,104.2825,103.401667,109.481667,105.28,104.480833,106.2775,102.3075,106.848333,102.25,114.115833,116.623333,112.784167,94.980833,101.56,105.659167,102.158333,109.216667,105.253333,106.453333,100.0625,98.046667,101.42,113.24,105.291667,113.206667,106.528333,103.05,108.410833,106.990833,100.14,103.735833,106.8525,105.466667,153.178333,108.831667
Jawa Timur,107.084167,113.4475,107.2225,103.8775,105.955833,106.715833,110.240833,105.415833,105.719167,103.688333,105.200833,106.573333,119.605,110.6425,112.724167,96.163333,102.088333,104.548333,103.261667,108.178333,103.46,106.461667,100.2825,95.991667,103.23,102.898333,106.561667,112.494167,107.150833,102.085833,110.160833,105.5625,100.1,102.555833,108.685,106.511667,158.8575,108.169167
Banten,109.843333,105.7225,109.8775,105.515833,101.12,110.129167,114.429167,104.030833,103.455,104.710833,105.645,102.461667,120.874167,116.831667,109.0075,93.769167,106.84,106.339167,106.306667,101.713333,103.529167,106.115,100.618333,102.685,105.82,114.8875,106.249167,112.5375,108.665833,108.85,104.113333,105.005,100.036667,96.926667,108.416667,101.4725,145.884167,109.669167
Bali,109.033333,105.8625,114.496667,112.0675,104.53,104.69,106.610833,105.810833,104.7225,103.750833,105.555,104.214167,126.411667,113.81,115.380833,98.0475,106.884167,105.303333,103.510833,102.960833,106.145,102.174167,100.068333,94.673333,106.2075,107.193333,107.1775,113.230833,106.9425,107.948333,110.504167,108.35,100.1,108.1325,108.521667,106.368333,112.695,109.966667
Nusa Tenggara Barat,101.095833,109.023333,113.298333,102.4475,107.23,104.944167,105.12,102.398333,104.713333,104.6,106.865,102.730833,126.245,109.431667,109.6225,96.4225,105.05,106.664167,103.03,105.415833,102.744167,103.260833,100.004167,90.279167,106.8925,109.43,107.72,113.863333,102.235833,110.91,102.07,107.765,100.0,109.055,107.61,107.575833,163.066667,103.811667
Nusa Tenggara Timur,100.0,101.310833,103.21,99.56,100.19,98.634167,131.694167,97.5075,100.4875,107.283333,103.39,100.236667,126.8825,112.191667,110.326667,96.126667,101.890833,100.2375,103.246667,105.356667,101.854167,101.028333,99.994167,96.039167,133.115,109.19,112.163333,111.749167,101.265,100.0,104.291667,98.135833,100.126667,103.733333,110.278333,100.085,150.994167,104.8975
Kalimantan Barat,110.029167,102.714167,109.730833,100.195833,100.93,105.12,111.88,107.533333,106.5225,101.954167,104.350833,104.418333,122.960833,115.276667,110.485833,95.776667,101.43,102.778333,102.425,104.35,99.48,99.524167,100.385,97.985833,103.074167,121.671667,108.746667,113.300833,105.0975,104.406667,108.1625,107.6275,100.0,103.275833,105.221667,102.98,128.083333,108.5
Kalimantan Tengah,113.5375,110.89,107.995,103.296667,100.48,101.5875,107.67,102.323333,102.661667,102.433333,104.934167,101.9075,120.526667,115.728333,110.666667,94.638333,107.58,105.678333,101.156667,102.803333,109.399167,105.306667,100.0975,96.543333,118.729167,99.969167,106.794167,112.723333,105.249167,104.616667,109.373333,107.654167,100.073333,108.488333,107.7275,103.871667,149.4025,104.5625
Kalimantan Selatan,117.65,103.425,104.53,100.696667,107.35,115.061667,112.830833,105.59,103.601667,104.405,107.388333,104.114167,120.770833,112.035833,109.630833,94.545833,107.525,107.111667,102.8525,104.919167,104.265833,105.405,100.090833,93.361667,106.308333,106.3025,109.354167,113.338333,108.0075,107.7,111.495833,110.051667,100.0,107.288333,106.375833,104.23,166.038333,111.348333
Kalimantan Timur,105.16,109.36,111.3525,104.091667,101.08,105.759167,104.148333,102.88,108.5725,102.27,104.308333,100.291667,123.8325,116.391667,113.131667,96.320833,109.35,102.7575,97.426667,108.041667,101.5,111.661667,100.168333,95.930833,121.243333,106.255833,107.371667,113.9175,110.931667,105.469167,109.259167,106.99,100.143333,103.278333,107.614167,101.956667,144.595,105.773333
Kalimantan Utara,108.74,107.9,102.103333,97.609167,106.799167,102.945833,116.67,99.203333,102.013333,102.106667,102.935,105.815,116.985833,109.709167,109.604167,95.81,121.19,103.72,101.551667,103.315,102.551667,102.135,100.0175,97.864167,107.591667,103.0025,105.571667,115.0675,101.995833,100.0,102.731667,104.871667,100.116667,100.745,108.074167,100.04,143.300833,106.608333
Sulawesi Utara,110.79,104.3,119.44,101.3975,100.17,105.701667,104.97,102.046667,103.2625,101.63,98.195833,98.165,111.326667,102.290833,119.571667,94.8325,103.29,101.029167,99.295833,103.190833,102.045833,103.408333,100.2025,91.150833,100.858333,104.770833,108.214167,115.466667,102.985,100.0,104.419167,102.171667,100.106667,105.021667,107.100833,106.050833,140.778333,105.666667
Sulawesi Tengah,111.590833,103.41,111.1,102.066667,102.019167,105.460833,100.081667,102.445,103.36,107.775833,100.575833,103.0725,125.798333,113.536667,119.0175,94.773333,100.22,101.875833,101.634167,104.404167,98.905,100.993333,100.245,98.903333,107.565,102.178333,107.046667,114.26,103.4175,103.588333,106.893333,106.324167,100.09,101.0625,109.03,107.051667,149.055,104.324167
Sulawesi Selatan,112.3825,107.3275,109.035833,103.07,101.0925,105.9325,106.386667,104.269167,107.2275,104.068333,104.63,106.83,120.5475,109.109167,111.114167,93.555833,109.438333,103.225833,103.886667,104.654167,102.5125,105.4525,100.224167,96.319167,104.543333,119.546667,103.1875,113.555833,104.888333,100.42,106.503333,105.473333,100.124167,101.470833,107.154167,105.0125,151.613333,106.320833
Sulawesi Tenggara,101.904167,108.82,124.510833,106.673333,100.0,104.670833,110.41,106.385,103.378333,103.758333,100.500833,95.263333,128.935,111.866667,112.896667,97.580833,100.6525,100.113333,103.476667,101.965,100.075,115.689167,100.035,95.708333,112.294167,111.189167,110.1725,114.74,115.315,103.62,117.729167,106.33,100.136667,112.931667,107.300833,107.033333,131.949167,104.8425
Gorontalo,146.21,107.9,105.308333,99.029167,106.42,105.12,119.25,100.94,101.4575,102.013333,102.804167,111.4125,126.595,107.965,113.085,97.286667,107.06,97.025,94.085833,101.625833,99.316667,105.311667,100.051667,97.9925,105.043333,100.485,106.788333,113.214167,105.555,100.085,107.408333,102.935833,100.0,101.476667,109.280833,102.105,137.086667,106.4175
Sulawesi Barat,108.74,107.72,100.0,108.4375,100.0,107.620833,145.27,105.243333,102.556667,107.679167,103.56,103.27,118.648333,111.124167,110.554167,93.575833,102.19,96.461667,107.425,99.975,102.3875,100.1375,99.995833,96.0025,119.85,113.225833,103.795833,116.170833,108.813333,100.0,110.045,114.13,100.046667,100.275,113.2,105.375833,124.149167,109.565833
Maluku,126.659167,134.469167,108.408333,104.696667,102.773333,110.4325,106.99,105.245,103.865833,102.885,103.801667,99.515833,129.251667,119.409167,111.280833,95.086667,106.305833,108.055833,103.230833,117.895833,99.369167,106.379167,100.35,82.123333,116.364167,107.13,109.805,113.603333,109.514167,112.0925,112.798333,102.4375,100.146667,104.6025,114.604167,100.79,143.069167,111.631667
Maluku Utara,100.0,100.0,100.65,107.66,100.0,101.328333,104.01,102.613333,100.2,103.774167,109.666667,101.121667,119.41,110.510833,116.301667,109.455,100.0,103.061667,104.118333,103.075833,97.593333,107.03,99.983333,97.048333,104.896667,106.965833,103.89,110.1875,102.23,100.0,108.715,108.47,100.0,67.178333,109.400833,101.1,136.5225,106.290833
Papua Barat,100.0,100.0,105.78,107.771667,100.0,99.670833,121.826667,99.886667,101.59,101.893333,101.205833,99.0675,125.935,107.968333,110.075833,96.475,108.28,102.14,107.366667,104.1,99.775833,107.9725,100.0575,102.558333,120.438333,115.675833,110.16,108.755,100.0,100.0,114.276667,118.425833,100.03,111.905833,113.039167,102.554167,127.395833,104.153333
Papua Barat Daya,128.57,112.868333,111.8425,105.01,100.0,105.023333,119.685,105.886667,102.941667,104.125,103.27,103.8725,123.435,109.488333,104.768333,95.485,107.986667,90.091667,102.056667,106.495833,100.741667,113.31,100.124167,94.981667,122.125,126.4925,107.403333,112.216667,103.765,100.0,98.648333,113.595,100.126667,94.796667,108.390833,101.1,123.6275,105.816667
Papua,100.0,136.945833,100.0,107.24,100.35,104.074167,100.0,104.189167,105.881667,101.725,99.456667,97.235,126.894167,115.523333,105.639167,91.524167,100.0,101.535,102.794167,105.126667,96.893333,100.0,99.950833,86.53,106.23,99.029167,108.750833,112.298333,100.0,101.666667,108.244167,103.055,100.143333,123.769167,103.33,118.408333,140.096667,109.7775
Papua Selatan,108.74,110.94,108.2,103.5870835,102.79,98.211667,128.21,108.038333,117.409167,101.523333,102.855833,105.2,134.878333,112.309167,114.1975,93.579167,118.29,104.56,101.475,112.67,100.496667,105.0425,99.95,91.605,114.07,105.4725,107.5175,113.094167,109.13,106.16,92.9175,110.426667,100.183333,97.344167,114.089167,114.64,161.496667,109.66
Papua Tengah,108.74,142.158333,107.60875,107.22,100.0,112.0125,120.33,110.894167,115.59,101.9,100.724167,102.030833,132.365,101.411667,117.276667,101.2325,104.09,102.389167,107.451667,100.488333,106.9125,117.21,101.1125,100.479167,123.804167,96.623333,114.443333,113.99,104.409167,116.993333,102.606667,106.045833,100.066667,100.880833,116.831667,100.38,161.3025,110.56
Papua Pegunungan,108.74,107.9,107.60875,103.5870835,102.773333,101.555,108.79,94.71,96.8375,100.0,103.39,98.553333,164.205833,91.64,124.948333,93.444167,108.2,97.66,101.72,98.945,96.511667,114.866667,99.930833,92.595,105.59,110.171667,99.831667,113.116667,108.7,100.0,100.724167,109.921667,100.0,104.295,104.53,103.3825,114.246667,99.420833
