Variabel,Jumlah_NA,Persen_NA
Perlengkapan Kebudayaan,35,92.11
Barang Rekreasi Tahan Lama,34,89.47
Minuman Beralkohol,29,76.32
Asuransi,27,71.05
Perlindungan Sosial,20,52.63
Layanan Kebudayaan,7,18.42
Jasa Kesehatan Lainnya,3,7.89
Pendidikan Lainnya,2,5.26
Barang Rekreasi Lainnya dan Olahraga,2,5.26
Penyediaan Air dan Layanan Perumahan Lainnya,1,2.63
Barang Pecah Belah dan Peralatan Makan Minum,1,2.63
Jasa Lainnya,1,2.63
"Furnitur, Perlengkapan dan Karpet",0,0.0
"Pemeliharaan, Perbaikan dan Keamanan",0,0.0
Sewa dan Kontrak Rumah,0,0.0
Pakaian,0,0.0
Alas Kaki,0,0.0
Rokok dan Tembakau,0,0.0
Minuman yang Tidak Beralkohol,0,0.0
Makanan,0,0.0
Listrik dan Bahan Bakar Rumah Tangga,0,0.0
Jasa Rawat Inap,0,0.0
Tekstil Rumah Tangga,0,0.0
Barang dan Layanan untuk Pemeliharaan Rumah Tangga Rutin,0,0.0
Obat-obatan dan Produk Kesehatan,0,0.0
Peralatan Rumah Tangga,0,0.0
Peralatan dan Perlengkapan Perumahan dan Kebun,0,0.0
Layanan Informasi dan Komunikasi,0,0.0
Peralatan Informasi dan Komunikasi,0,0.0
Jasa Pengiriman Barang,0,0.0
Jasa Angkutan Penumpang,0,0.0
Pembelian Kendaraan,0,0.0
Pengoperasian Peralatan Transportasi Pribadi,0,0.0
Jasa Rawat Jalan,0,0.0
Layanan Rekreasi dan Olahraga,0,0.0
Pendidikan Dasar dan Anak Usia Dini,0,0.0
"Koran, Buku dan Perlengkapan Sekolah",0,0.0
Jasa Keuangan,0,0.0
Pendidikan Menengah,0,0.0
Jasa Pelayanan Makanan dan Minuman,0,0.0
Pendidikan Tinggi,0,0.0
Perawatan Pribadi Lainnya,0,0.0
Perawatan Pribadi,0,0.0
